     shots,    errors,  discards, seconds,decoder,strong_id,json_metadata
    815999,      1018,         0,    1.46,internal_correlated,d3f83593ea64081ad82eb0e1a4aa428d98bab9e64409464389b093bf50f3052c,"{""b"":""Z"",""d"":3,""g"":""cx"",""p"":0.0002,""r"":9}"
    731161,      1002,         0,    1.32,internal_correlated,fa5f9e4432eb08b343762281ca3fe45642d67313452c8eeabdd52e241af45e57,"{""b"":""X"",""d"":3,""g"":""cx"",""p"":0.0002,""r"":9}"
   3105266,      1102,         0,    3.67,internal_correlated,5408b774ff161887c02bc422fb06416129304bc05ed18c28db650fdf866e33d8,"{""b"":""X"",""d"":3,""g"":""cx"",""p"":0.0001,""r"":9}"
   3673996,      1041,         0,    4.42,internal_correlated,7282bdaaf1202e93eb6d75ccd487f5d6fd26a6096d25a35eaddd0abf6b5c8f94,"{""b"":""Z"",""d"":3,""g"":""cx"",""p"":0.0001,""r"":9}"
    137952,      1001,         0,   0.764,internal_correlated,f05c6eb0ab071888ae9280e0d408e287636a9f42983d452d27b24f11368eb215,"{""b"":""Z"",""d"":3,""g"":""cx"",""p"":0.0005,""r"":9}"
      2143,      1004,         0,   0.865,internal_correlated,b04e770229c9da35a484510cc7589814451411dd7a60603372dc56a3ef0a3429,"{""b"":""X"",""d"":3,""g"":""cx"",""p"":0.01,""r"":9}"
    339843,      1021,         0,   0.846,internal_correlated,56e362e934fdfc552b269193097d669ee2741017e2966bc071a7cb2a673c5101,"{""b"":""X"",""d"":3,""g"":""cx"",""p"":0.0003,""r"":9}"
     54572,      1029,         0,   0.780,internal_correlated,61192573d9bd2dd7b55a79a0b96f3fe399303c5f60d1d81a89dd6ca9a825242d,"{""b"":""X"",""d"":3,""g"":""cx"",""p"":0.0008,""r"":9}"
    427598,      1129,         0,   0.894,internal_correlated,f6b900536516439bac2d787d9b19dee19ff12fadc049a252c45ce2b4cf1b1b8b,"{""b"":""Z"",""d"":3,""g"":""cx"",""p"":0.0003,""r"":9}"
     35728,      1002,         0,   0.719,internal_correlated,84866c18a87542e629cec0056723d48a089fdd08f97685ca9839e52831b3ff58,"{""b"":""X"",""d"":3,""g"":""cx"",""p"":0.001,""r"":9}"
     36972,      1020,         0,   0.887,internal_correlated,c49c5e235c53d4c707d0de1b5006f0e692744eefd8efd885de3b2c4834b914d1,"{""b"":""Z"",""d"":3,""g"":""cx"",""p"":0.001,""r"":9}"
     55298,      1004,         0,   0.672,internal_correlated,0f3b654f57766a4f397210456834a1730579fe10bfe5ad1be508e3969b27ee0c,"{""b"":""Z"",""d"":3,""g"":""cx"",""p"":0.0008,""r"":9}"
     10894,      1006,         0,   0.988,internal_correlated,54fd79bbe1f9f06089694b53c4718b742974633f9aa0aebdbafd4f6111f16af9,"{""b"":""Z"",""d"":3,""g"":""cx"",""p"":0.002,""r"":9}"
      2305,      1042,         0,   0.670,internal_correlated,57f3d8423698f65f76d9b975709e1d65ef4c75dd97946d2b8885b38d97550b62,"{""b"":""Z"",""d"":3,""g"":""cx"",""p"":0.008,""r"":9}"
      5809,      1043,         0,   0.982,internal_correlated,18320cbf3be4fbde5a7b8e22223515b8adf3e94c46a49f67f51dead66c2c21e8,"{""b"":""Z"",""d"":3,""g"":""cx"",""p"":0.003,""r"":9}"
     10238,      1045,         0,   0.880,internal_correlated,e2c5b0fd561464a708288be3fd943417c57e760308af49fe9f0b1240b1d0b6a0,"{""b"":""X"",""d"":3,""g"":""cx"",""p"":0.002,""r"":9}"
      5552,      1003,         0,   0.740,internal_correlated,0afcaeeb4a4095c8bb6824122518595e5421a859c445ce43750a688dba44e195,"{""b"":""X"",""d"":3,""g"":""cx"",""p"":0.003,""r"":9}"
      3156,      1039,         0,   0.853,internal_correlated,8f14a0d0e830dc7cc6ce85ddae50bc174dc3cea33348593cce447929f62054ce,"{""b"":""X"",""d"":3,""g"":""cx"",""p"":0.005,""r"":9}"
      3322,      1027,         0,   0.918,internal_correlated,6fa30f716c8042acbfed13945700f98cdc54eb04cb2ab7964b43d17a121124c3,"{""b"":""Z"",""d"":3,""g"":""cx"",""p"":0.005,""r"":9}"
      2261,      1017,         0,   0.614,internal_correlated,3866d7d36479fc383f786f7a35c0153e8cf3028665e31bd07d50e1d3ef5c7d9e,"{""b"":""X"",""d"":3,""g"":""cx"",""p"":0.008,""r"":9}"
    122945,      1028,         0,   0.489,internal_correlated,340ca8a1b86f58fa4323a195089d5ec7670754fa1c6ddd67e0669a9e555c7cf0,"{""b"":""X"",""d"":3,""g"":""cx"",""p"":0.0005,""r"":9}"
      2283,      1060,         0,   0.496,internal_correlated,ba00f3e005233174e533f3de12cb2090989d195939a173469d7dfbe1f0c3206f,"{""b"":""Z"",""d"":3,""g"":""cx"",""p"":0.01,""r"":9}"
   2416869,      1065,         0,    15.8,internal_correlated,2f6b5cdad68e7013a1942967a7059c3342bd3e504af0c7fff7265e5601789a47,"{""b"":""Z"",""d"":5,""g"":""cx"",""p"":0.0001,""r"":15}"
    355663,      1105,         0,    6.47,internal_correlated,739333a0929b61d5e9633bdf80fb4bb699757282c7bf2f8d7193319526dfbcc4,"{""b"":""X"",""d"":5,""g"":""cx"",""p"":0.0005,""r"":15}"
    244052,      1021,         0,    5.20,internal_correlated,91ac5713ce365a35de55c1984f07f67803db3e4b0284fe192e64c87c06f0addd,"{""b"":""Z"",""d"":5,""g"":""cx"",""p"":0.0003,""r"":15}"
   1559877,      1004,         0,    14.3,internal_correlated,e0d67daeb95cefaca56e998b0a2f01a845b57bb99858cab9cf65c2f46b41b4a2,"{""b"":""X"",""d"":5,""g"":""cx"",""p"":0.0003,""r"":15}"
  10000000,       227,         0,    45.0,internal_correlated,d4964a465e213ac8cf5acf168b1bd61a106588ca7228a2687f5ef4fa8eadbf96,"{""b"":""X"",""d"":5,""g"":""cx"",""p"":0.0001,""r"":15}"
   5831401,      1035,         0,    29.8,internal_correlated,c03a9dde57772aa61d55cdf12c764e8fe23167d3e30d49d6b37eea1095fee941,"{""b"":""X"",""d"":5,""g"":""cx"",""p"":0.0002,""r"":15}"
    607428,      1115,         0,    8.15,internal_correlated,b6603ec212bc64f78a467f48284c6fe5e2eaeab36732f80be574b1a4d7616893,"{""b"":""Z"",""d"":5,""g"":""cx"",""p"":0.0002,""r"":15}"
     93669,      1023,         0,    34.5,internal_correlated,9c8d7f70e3c2e88eca5cd43c20df961057165545049f0ec3c9553958e8d71763,"{""b"":""Z"",""d"":11,""g"":""cx"",""p"":0.001,""r"":33}"
     62880,      1007,         0,    22.6,internal_correlated,937a36f354705ab8809dc6b065a686dd977fa81e04099ab7de0ea89a4d6af8cc,"{""b"":""X"",""d"":11,""g"":""cx"",""p"":0.0008,""r"":33}"
  10000000,         0,         0,   785.6,internal_correlated,8eee08186999290ee68d61e7ec9ff1107687a8c0d728f15510fd00b66db319c1,"{""b"":""X"",""d"":11,""g"":""cx"",""p"":0.0001,""r"":33}"
      2137,      1084,         0,    7.91,internal_correlated,2942d1fde77d9ceaf86c71628d970bce4b36d0bc0bf741af807dd7c1b7395bae,"{""b"":""X"",""d"":11,""g"":""cx"",""p"":0.005,""r"":33}"
  10000000,        85,         0,  1037.6,internal_correlated,f434a4900d1a99d0610de7ac98c21f5e29f46a8a3b4675e6855ea8ea31e6515c,"{""b"":""Z"",""d"":11,""g"":""cx"",""p"":0.0002,""r"":33}"
  10000000,         9,         0,   928.0,internal_correlated,d22c4900610eb9f20d258e8347881c31ebc877d5372f50541685f14c0500e319,"{""b"":""Z"",""d"":11,""g"":""cx"",""p"":0.0001,""r"":33}"
  10000000,       273,         0,  1208.4,internal_correlated,71f47fe76695e49856524d5374c4ed5302b07239d7c1440337ebb9a953304a65,"{""b"":""X"",""d"":11,""g"":""cx"",""p"":0.0003,""r"":33}"
   1204082,      1034,         0,   237.0,internal_correlated,476dc1f6cb4a98b074a31e8640e35dd85e63c78651a8471369363196f1e7ebc7,"{""b"":""X"",""d"":11,""g"":""cx"",""p"":0.0005,""r"":33}"
  10000000,       431,         0,  1288.0,internal_correlated,6ee68485f7cf150d427583cf3927678a1e7f1854eb575acbad4777c80b79fd9e,"{""b"":""Z"",""d"":11,""g"":""cx"",""p"":0.0003,""r"":33}"
  10000000,        10,         0,   983.8,internal_correlated,5933d21edcbb1f1f7923dcc6c49c2d0a3b6fe5bf5cd748754c33ce287df0fa90,"{""b"":""X"",""d"":11,""g"":""cx"",""p"":0.0002,""r"":33}"
     19418,      1022,         0,    10.4,internal_correlated,2e6822be108b7be0f5b5cdf02712acda947aefa72a3f963e699d7044b17badcc,"{""b"":""X"",""d"":11,""g"":""cx"",""p"":0.001,""r"":33}"
      4841,      1010,         0,    7.75,internal_correlated,83ee99051dad1a0a2fdcc902f2571f209b6fefc42395d1a3f765646852f42a00,"{""b"":""Z"",""d"":11,""g"":""cx"",""p"":0.002,""r"":33}"
      1996,      1005,         0,    6.01,internal_correlated,a6eeb3bc24b9e78f54a28065066004c7c40f8ffd1eee336bd52c06882d7ecbc2,"{""b"":""X"",""d"":11,""g"":""cx"",""p"":0.003,""r"":33}"
    267721,      1010,         0,    86.7,internal_correlated,5a08369e41a3f6de5770ef6be4086146ce949a8c173a23e5fc135fad933484a7,"{""b"":""Z"",""d"":11,""g"":""cx"",""p"":0.0008,""r"":33}"
  10000000,         3,         0, 10362.2,internal_correlated,8cb751fd63162a22997415325c4c31f8ed8cf5718df9bf0ffcf5a6854971ebae,"{""b"":""X"",""d"":15,""g"":""cx"",""p"":0.0002,""r"":45}"
   2349986,      1029,         0,   375.8,internal_correlated,8fbe3171335aaf5594db45c314c56ad2cc0636daf91f357ff95c9d1ef6804494,"{""b"":""Z"",""d"":11,""g"":""cx"",""p"":0.0005,""r"":33}"
      2187,      1006,         0,    5.87,internal_correlated,fa087edeff6c6b7b3490a1faabc560f064555a3499a4d9f79e4f59696c2ad5ba,"{""b"":""X"",""d"":11,""g"":""cx"",""p"":0.002,""r"":33}"
      2181,      1020,         0,    6.50,internal_correlated,2fb88acf85c7234389bf57b20e6ef25fe86fae688bedb1f2a1ffbe107893aee1,"{""b"":""Z"",""d"":11,""g"":""cx"",""p"":0.003,""r"":33}"
      2021,      1030,         0,    10.5,internal_correlated,c620ff92cb4f0fd6ade937c4b1ad1c9e1dde90e0c5e8fa2dfe3ca61dd329a882,"{""b"":""X"",""d"":11,""g"":""cx"",""p"":0.008,""r"":33}"
      2039,      1026,         0,    11.5,internal_correlated,e09e3de24d2d2d3ae081b785f7db7c797c415c85db3687baf8e85c08da6b81e2,"{""b"":""X"",""d"":11,""g"":""cx"",""p"":0.01,""r"":33}"
      2136,      1035,         0,    12.0,internal_correlated,23f9314f960d70dada44df20153aae67f68dff923fa01a5b67e67d1d45600022,"{""b"":""Z"",""d"":11,""g"":""cx"",""p"":0.01,""r"":33}"
      2064,      1015,         0,    10.3,internal_correlated,f4651d1ca97f213bacfcf20f3f62c8817c232ba463a1482521624a59889cdb15,"{""b"":""Z"",""d"":11,""g"":""cx"",""p"":0.008,""r"":33}"
      2065,      1002,         0,    11.8,internal_correlated,3ba329718619fb6a7eb749b0570ba17aba7d7aa01cde485f15bda1339d5f1a11,"{""b"":""Z"",""d"":11,""g"":""cx"",""p"":0.005,""r"":33}"
  10000000,         1,         0,  1998.7,internal_correlated,18cad768fc2250b6200517c7d5315dbde71e65782d9645e04711af8f21c7cb01,"{""b"":""Z"",""d"":13,""g"":""cx"",""p"":0.0001,""r"":39}"
  10000000,       111,         0,  3769.2,internal_correlated,29069bdb4e812994b499f25a13c7c58324e827995e0d9f5fcfd6cd54562cd7af,"{""b"":""Z"",""d"":13,""g"":""cx"",""p"":0.0003,""r"":39}"
  10000000,         0,         0,  1923.7,internal_correlated,01687d7e48c9edc432c8bed42deee2ce1af9c131c8683f4e7ea2a806a5b2fbe8,"{""b"":""X"",""d"":13,""g"":""cx"",""p"":0.0001,""r"":39}"
  10000000,        12,         0,  2453.6,internal_correlated,8cedc2bc3d0cd983adb8044023c4ede453f989592c198da89ba604da0bcadad9,"{""b"":""Z"",""d"":13,""g"":""cx"",""p"":0.0002,""r"":39}"
      4597,      1090,         0,    30.4,internal_correlated,40d4e63eefa44bec9f1297f141240beb25577b72b5203e59677cecf1902b0d90,"{""b"":""Z"",""d"":13,""g"":""cx"",""p"":0.002,""r"":39}"
  10000000,         7,         0,  2261.1,internal_correlated,785db13ce1748a604433695a60ec0a5c4371db7d9f43cc3df3d30c979569b44d,"{""b"":""X"",""d"":13,""g"":""cx"",""p"":0.0002,""r"":39}"
   7057826,      1053,         0,  3620.9,internal_correlated,9c6c05116faff6637899ecab180f47eecb9ed44ed39d846de251deca41aed4f5,"{""b"":""Z"",""d"":13,""g"":""cx"",""p"":0.0005,""r"":39}"
   1263524,      1002,         0,   489.8,internal_correlated,3115379f26d7fb23d9eeb61a025c682d9a2b903aac941997f96bc4b40574707b,"{""b"":""X"",""d"":13,""g"":""cx"",""p"":0.0005,""r"":39}"
      2078,      1018,         0,    32.8,internal_correlated,9474f50571a300f4321213a125bade3da7d988614cc43f4b7982dd62cbf5d4b9,"{""b"":""X"",""d"":13,""g"":""cx"",""p"":0.01,""r"":39}"
    440144,      1007,         0,   274.9,internal_correlated,c3277f542fc32cbd6c6b381a45d48a1b2541565c9451a72f6a808a81ad868542,"{""b"":""Z"",""d"":13,""g"":""cx"",""p"":0.0008,""r"":39}"
     11575,      1035,         0,    28.6,internal_correlated,21a54259dd590f5c6c35d8f5c9eed356b6a248a3acc4f2d9717fca88c263a714,"{""b"":""X"",""d"":13,""g"":""cx"",""p"":0.001,""r"":39}"
      2067,      1033,         0,    21.3,internal_correlated,aa701036878bbc39431137ca84061f376fc180a89383f3b7dc96407927e6e329,"{""b"":""X"",""d"":13,""g"":""cx"",""p"":0.003,""r"":39}"
      2085,      1054,         0,    29.6,internal_correlated,090e3d9219e9eac4ebf6d56e7b10fa7628c72199d8dc7e456986c0a193079182,"{""b"":""Z"",""d"":13,""g"":""cx"",""p"":0.008,""r"":39}"
      2016,      1012,         0,    22.2,internal_correlated,b53383a4ff198cfb944938846e64048f44d4a3bff3c65a254d5a0d827ee43b76,"{""b"":""X"",""d"":13,""g"":""cx"",""p"":0.002,""r"":39}"
      2011,      1050,         0,    30.9,internal_correlated,7425eed53e428d492c943c8b6195e6fd3ae7ea4daf006c83141e3d88a284b3f5,"{""b"":""X"",""d"":13,""g"":""cx"",""p"":0.008,""r"":39}"
      2073,      1004,         0,    29.6,internal_correlated,0636e27ec444ed79f000108bcef37b772e52e763d7fae561ddcb244b112fc98d,"{""b"":""Z"",""d"":13,""g"":""cx"",""p"":0.003,""r"":39}"
     44219,      1038,         0,    53.3,internal_correlated,87ff7b8784bfe9559a6aa121c2c668d4b7c4dec85fa6d8195512bfc85055e3d6,"{""b"":""X"",""d"":13,""g"":""cx"",""p"":0.0008,""r"":39}"
    122405,      1008,         0,   130.8,internal_correlated,6413892413535d2b4ff9dc6932f54620ffbf5e78b1e7640fb19510a5a2202901,"{""b"":""Z"",""d"":13,""g"":""cx"",""p"":0.001,""r"":39}"
      2021,      1013,         0,    27.7,internal_correlated,ed45b8278b99666bd64fac40d895d3061874a9a93c13d525357418f66e1a5c29,"{""b"":""Z"",""d"":13,""g"":""cx"",""p"":0.005,""r"":39}"
      2116,      1036,         0,    27.0,internal_correlated,8e6c73af737ecb9c6209f560013d4580a88173bc11a1194e7bc2602b41030ce8,"{""b"":""X"",""d"":13,""g"":""cx"",""p"":0.005,""r"":39}"
      2001,      1002,         0,    34.5,internal_correlated,df264257695fb1e5c5a45b741dbc9b462bbe93f00ced7efe60e7ca752892dba2,"{""b"":""Z"",""d"":13,""g"":""cx"",""p"":0.01,""r"":39}"
  10000000,         0,         0,  9230.0,internal_correlated,1130fe02e11e89f84611eb593ee87618e2b4ca83dd2de40febd639c46c0dd662,"{""b"":""X"",""d"":15,""g"":""cx"",""p"":0.0001,""r"":45}"
   1012109,      1001,         0,   586.3,internal_correlated,bccc5689bb8d43f9630d433fb4ca0f13e8f64e6f84a3ba700c06c22a30cd1d20,"{""b"":""X"",""d"":15,""g"":""cx"",""p"":0.0005,""r"":45}"
  10000000,       109,         0, 11670.6,internal_correlated,5495a2f5082f412a47327f9c916a4fc51df65484bde96364ebfcf4b31e3197c0,"{""b"":""X"",""d"":15,""g"":""cx"",""p"":0.0003,""r"":45}"
  10000000,       648,         0, 16360.7,internal_correlated,f560a14520332a5d06a5768290a3dcb5b2ecb29ab07e6cd575d43e97bce845ff,"{""b"":""Z"",""d"":15,""g"":""cx"",""p"":0.0005,""r"":45}"
  10000000,        22,         0, 14412.8,internal_correlated,7e2738ed3b58d2faa0af3384ec84a71aa5abe2fc2d70c0eb9ee8701f923c4b72,"{""b"":""Z"",""d"":15,""g"":""cx"",""p"":0.0003,""r"":45}"
     24512,      1008,         0,    49.6,internal_correlated,1a42ad247ea9bb6b7c211c80c989f1258fef442c62d83d2cfc8d15f1a45de95a,"{""b"":""X"",""d"":15,""g"":""cx"",""p"":0.0008,""r"":45}"
  10000000,         1,         0, 10212.6,internal_correlated,c21516b523bf19ad8afeb2d8e266f97799f4b04aa8aa258ab404be1c852f7429,"{""b"":""Z"",""d"":15,""g"":""cx"",""p"":0.0001,""r"":45}"
    696162,      1004,         0,   719.5,internal_correlated,22499a553619575e27588c5dea3b81ed5b1c8322d8df7d547e5237ffad51d820,"{""b"":""Z"",""d"":15,""g"":""cx"",""p"":0.0008,""r"":45}"
      6690,      1022,         0,    24.9,internal_correlated,0364cdddc71f2178ba5d1b83cb7c14a850618d56c3e3164eeff5f2bd887772f4,"{""b"":""X"",""d"":15,""g"":""cx"",""p"":0.001,""r"":45}"
  10000000,         4,         0, 10008.1,internal_correlated,edff03da6e0b1b5364715006585516b44342930e027440e7f049482b9520631a,"{""b"":""Z"",""d"":15,""g"":""cx"",""p"":0.0002,""r"":45}"
    173533,      1016,         0,   290.6,internal_correlated,b5ec0e2bd6c40b22b21c305d00b7c57c7fc42f00f7ea8f5dd2269b43361e61fc,"{""b"":""Z"",""d"":15,""g"":""cx"",""p"":0.001,""r"":45}"
      2147,      1038,         0,    16.2,internal_correlated,bc3e5b17734d3916bb57a2e967a736dd2602fa2805fba3461454e4540f7898ed,"{""b"":""X"",""d"":15,""g"":""cx"",""p"":0.002,""r"":45}"
      3977,      1058,         0,    25.3,internal_correlated,181d11b4c2a0fb96fe81b3ae6e228c926cb4e0c2b1a85a858fe03fade1a21f9a,"{""b"":""Z"",""d"":15,""g"":""cx"",""p"":0.002,""r"":45}"
      2128,      1010,         0,    21.7,internal_correlated,607bc6cc9bc667a8579059d162ddb882cd52c2a44d9533bc6e136e1c08f9ec8e,"{""b"":""X"",""d"":15,""g"":""cx"",""p"":0.003,""r"":45}"
  10000000,       143,         0,  3052.8,internal_correlated,bacd4e235aa43dd5528b610171fe144badbfb8014413960531c9ddfa99a7bef0,"{""b"":""X"",""d"":13,""g"":""cx"",""p"":0.0003,""r"":39}"
      2072,      1004,         0,    46.8,internal_correlated,8b43569a1a68ee12faff7c771d57f84f5baee220be0e914378f51a5548fe8b4e,"{""b"":""Z"",""d"":15,""g"":""cx"",""p"":0.003,""r"":45}"
      2045,      1003,         0,    38.2,internal_correlated,5547bc975418116717680def6ee1769ef06d8543259cbef48f1742e4a86692a7,"{""b"":""X"",""d"":15,""g"":""cx"",""p"":0.005,""r"":45}"
      2085,      1038,         0,    36.8,internal_correlated,2f4174b028e408e9aef621648c9ca2e645bcd5dbad772d0919165221009edb97,"{""b"":""Z"",""d"":15,""g"":""cx"",""p"":0.005,""r"":45}"
      2085,      1059,         0,    48.0,internal_correlated,779469deee076783bf4cacd7a4d07974eaa7ed995cd241449a50a4fae0804944,"{""b"":""X"",""d"":15,""g"":""cx"",""p"":0.008,""r"":45}"
      2092,      1034,         0,    50.4,internal_correlated,b4a4f9ad2eacb5bf5fd3c1a3102169e889e4d56c8a7e81a4cbb4b99dd363e58d,"{""b"":""Z"",""d"":15,""g"":""cx"",""p"":0.008,""r"":45}"
      2002,      1007,         0,    60.1,internal_correlated,83843905179aaabb4606e56f0873a088e87b9e34d20f664d5ff91483432b0693,"{""b"":""X"",""d"":15,""g"":""cx"",""p"":0.01,""r"":45}"
      2078,      1032,         0,    54.0,internal_correlated,4f9dd166c32b7940e99b3150be0fcac080c001c926ea09cdd811d2d6914393c8,"{""b"":""Z"",""d"":15,""g"":""cx"",""p"":0.01,""r"":45}"
     80316,      1009,         0,    3.21,internal_correlated,7439c21eb387694aa242533b13ef6cdae7df7f0d94b4842fd7d775a5392866ec,"{""b"":""Z"",""d"":5,""g"":""cx"",""p"":0.0005,""r"":15}"
     31849,      1001,         0,    4.34,internal_correlated,af1fed7a45cb1d76e0bc361d2859ebaebbd334bf9c5e3bc434e2ca5771f69c52,"{""b"":""Z"",""d"":5,""g"":""cx"",""p"":0.0008,""r"":15}"
     85298,      1063,         0,    3.21,internal_correlated,b22ff121254bd796761ed9d30e47fa0c34dcc062f68b2cbe43b9b3529639f30b,"{""b"":""X"",""d"":5,""g"":""cx"",""p"":0.0008,""r"":15}"
      3405,      1074,         0,    2.50,internal_correlated,f37a4403dc6a5941a7a056f9560302cd063d7631b9f44856386e767f919d2797,"{""b"":""X"",""d"":5,""g"":""cx"",""p"":0.003,""r"":15}"
     48770,      1145,         0,    4.37,internal_correlated,5d70006c47bf08d3fdced4b627b9e230b109d68af13c40f11a4c2708f1b2ad0e,"{""b"":""X"",""d"":5,""g"":""cx"",""p"":0.001,""r"":15}"
     20349,      1008,         0,    3.63,internal_correlated,9b3d45abbb2c8a5c2d529196d41abd58e1294afc62221b10a399ca1eab5a73a4,"{""b"":""Z"",""d"":5,""g"":""cx"",""p"":0.001,""r"":15}"
      6839,      1002,         0,    3.51,internal_correlated,2e64b39338aacb92ab0781f259910b54888a03b2e05568e82316828d8414fb20,"{""b"":""X"",""d"":5,""g"":""cx"",""p"":0.002,""r"":15}"
      3139,      1010,         0,    2.24,internal_correlated,3ac6b1967fa178cfa9a5abe6a01b146f614823353bfc0188a542d4470cd90c03,"{""b"":""Z"",""d"":5,""g"":""cx"",""p"":0.003,""r"":15}"
      2337,      1080,         0,    2.20,internal_correlated,4afdb053e27463932f52df1f404073f70a8637b4b8c80a43ec46656deb156454,"{""b"":""X"",""d"":5,""g"":""cx"",""p"":0.005,""r"":15}"
      5626,      1027,         0,    2.56,internal_correlated,38234716a0f5fd3503b7e1b6b1ea7d05e161268cd93e69a45b360530c8f186e4,"{""b"":""Z"",""d"":5,""g"":""cx"",""p"":0.002,""r"":15}"
      2192,      1010,         0,    2.21,internal_correlated,dd2eacac2879657389bb5114266baf22774bb75695a6fe537142412b0d5dc2c4,"{""b"":""Z"",""d"":5,""g"":""cx"",""p"":0.005,""r"":15}"
      2020,      1019,         0,    2.08,internal_correlated,976473609567637813bdaf207739d1f677da8aa0392ba562cbd027586b578388,"{""b"":""X"",""d"":5,""g"":""cx"",""p"":0.008,""r"":15}"
      2064,      1034,         0,    1.51,internal_correlated,140f2d1d91927b99c49ed55dd58ed7e3b820832985c72dca748e446dcb40e0b9,"{""b"":""Z"",""d"":5,""g"":""cx"",""p"":0.008,""r"":15}"
      2057,      1040,         0,    2.22,internal_correlated,50c5ef56bc7e102c44cf3dc95f58b23c9b15375d338d3c1d517178624c892773,"{""b"":""X"",""d"":5,""g"":""cx"",""p"":0.01,""r"":15}"
      1984,      1009,         0,    2.33,internal_correlated,6994f9660a383ebb0044df7d41b32b54ee9e141827aa3b7d65f8d76d8f2c7c3e,"{""b"":""Z"",""d"":5,""g"":""cx"",""p"":0.01,""r"":15}"
  10000000,       948,         0,   155.2,internal_correlated,3ddf358cb754dfeaac1e5ae94050254f68a4d26da04e353e18151f92e30a8195,"{""b"":""Z"",""d"":7,""g"":""cx"",""p"":0.0001,""r"":21}"
   5865502,      1029,         0,   127.4,internal_correlated,c0d3dc684e9314462e06bd9c3dfe5196c66137f0537f34fbaec39db8c3e3a5ac,"{""b"":""X"",""d"":7,""g"":""cx"",""p"":0.0003,""r"":21}"
   1887625,      1002,         0,    46.0,internal_correlated,1752c60405da0ce344ea2ec931b3b3252c60f68ad79f689c3d15a59eb9fae09f,"{""b"":""Z"",""d"":7,""g"":""cx"",""p"":0.0002,""r"":21}"
  10000000,       298,         0,   231.4,internal_correlated,77f722c67e90dcd6ace3fd0df6e1c4022ee5164f058d3deab0915650ed7e9363,"{""b"":""X"",""d"":7,""g"":""cx"",""p"":0.0002,""r"":21}"
  10000000,        19,         0,   117.4,internal_correlated,7359cd38fc17260d738465789a674b72ba07a477d2e07cf99fcf54c6be8ed5ad,"{""b"":""X"",""d"":7,""g"":""cx"",""p"":0.0001,""r"":21}"
    732658,      1011,         0,    22.7,internal_correlated,375054032dc111d6f3ffd65f90b6eddc4f49c8f8b2730c888b24710b0b7dba8a,"{""b"":""Z"",""d"":7,""g"":""cx"",""p"":0.0003,""r"":21}"
    206315,      1010,         0,    11.1,internal_correlated,9b75533d3ecbedef72b32f7ed3872df860cc6d8e1181ba24526538ff9507c03f,"{""b"":""Z"",""d"":7,""g"":""cx"",""p"":0.0005,""r"":21}"
    706466,      1037,         0,    25.3,internal_correlated,5161f61032e752339e24346af17a8e013b7acca3976f295e571b725e2186ecf4,"{""b"":""X"",""d"":7,""g"":""cx"",""p"":0.0005,""r"":21}"
     58475,      1005,         0,    5.71,internal_correlated,078d6a05d51c60f8565baa0eb3b9ad38d9bf34e364cb29a8eceae3b6f91781b0,"{""b"":""Z"",""d"":7,""g"":""cx"",""p"":0.0008,""r"":21}"
     93661,      1012,         0,    6.40,internal_correlated,3826fe93ab14a351f5aff79ed8b64184e3bdbab2541eda920aabf2cc687243da,"{""b"":""X"",""d"":7,""g"":""cx"",""p"":0.0008,""r"":21}"
      4077,      1007,         0,    2.06,internal_correlated,26917d18aef0808e87a607709fd6576b945307792836617e89ff35ec58aa2e8f,"{""b"":""X"",""d"":7,""g"":""cx"",""p"":0.002,""r"":21}"
     41021,      1013,         0,    5.66,internal_correlated,8562ed0f0ef7f5564c4fcbe5aa21bb2219f527adce56b78f8eb6caa98abc811e,"{""b"":""X"",""d"":7,""g"":""cx"",""p"":0.001,""r"":21}"
     33692,      1026,         0,    4.56,internal_correlated,483a808df6a98bf05c785cdcaa3a71f5c0eda59cbf1900eed70de24c61e285e1,"{""b"":""Z"",""d"":7,""g"":""cx"",""p"":0.001,""r"":21}"
      5902,      1062,         0,    2.22,internal_correlated,831d043ddc5b0cfc3e723e81ef59e2a55e90922ddd8f2d43ca9d323fd3e0231b,"{""b"":""Z"",""d"":7,""g"":""cx"",""p"":0.002,""r"":21}"
      2218,      1019,         0,    1.72,internal_correlated,de2669f73319a49be63db0fadf19029eccebfb635b35f88007b088bdc77a5e86,"{""b"":""X"",""d"":7,""g"":""cx"",""p"":0.003,""r"":21}"
      2777,      1050,         0,    2.35,internal_correlated,b44bc093f12fa72558b44019e9924753be010e0b04614b69afd742e56de6ec31,"{""b"":""Z"",""d"":7,""g"":""cx"",""p"":0.003,""r"":21}"
      2076,      1029,         0,    2.33,internal_correlated,5e9a7ed69e55fd4ae943d4e0ddc3d2cf8804be1a7e7492e7c2f338172655d19c,"{""b"":""X"",""d"":7,""g"":""cx"",""p"":0.005,""r"":21}"
      2073,      1020,         0,    3.25,internal_correlated,e6dc25910c08da55313732cd12f63db0fae3f5c07dd90f25128bbd14d198b582,"{""b"":""Z"",""d"":7,""g"":""cx"",""p"":0.005,""r"":21}"
      2064,      1048,         0,    3.25,internal_correlated,86f3ce0222dcab5c55d44b21cd0ee18ca1b2a98cabf8914442f8d463dc2868b3,"{""b"":""X"",""d"":7,""g"":""cx"",""p"":0.008,""r"":21}"
      2000,      1000,         0,    2.89,internal_correlated,0a092f992a5240194b5ac1569606233a1f8a3e931486d7c2e8f37e19ad610053,"{""b"":""X"",""d"":7,""g"":""cx"",""p"":0.01,""r"":21}"
      2116,      1066,         0,    2.89,internal_correlated,87ab9ef4b17324229bd2a6bbf5258d5690015609e5217e77f28e90d787cd6039,"{""b"":""Z"",""d"":7,""g"":""cx"",""p"":0.008,""r"":21}"
      2152,      1056,         0,    2.82,internal_correlated,ef2ab200f1d6a593173f859be02da865431c3b6d161c5d3bb134d142f26a42ba,"{""b"":""Z"",""d"":7,""g"":""cx"",""p"":0.01,""r"":21}"
  10000000,         4,         0,   470.5,internal_correlated,14f43618def1412c5bf1ba1c8de033a23db16b2084447bf92c8ba0a7a3dd0544,"{""b"":""X"",""d"":9,""g"":""cx"",""p"":0.0001,""r"":27}"
  10000000,        64,         0,   484.0,internal_correlated,cff8f36f67906966d7195b26da3012b589a07b9c647a239aeb5e482dbd6bb3f0,"{""b"":""Z"",""d"":9,""g"":""cx"",""p"":0.0001,""r"":27}"
  10000000,        66,         0,   576.8,internal_correlated,0d46c0b1174a5f0683d90a4971960760cd2915c01ea97d834cc7cd85aac8217b,"{""b"":""X"",""d"":9,""g"":""cx"",""p"":0.0002,""r"":27}"
  10000000,       608,         0,   645.8,internal_correlated,eb1c4315c31fb67ab17189b9be97ac0bb1bc1c42631b953ea933ff4841fcb8e1,"{""b"":""X"",""d"":9,""g"":""cx"",""p"":0.0003,""r"":27}"
   5117352,      1030,         0,   368.4,internal_correlated,d20e47c859675a058c771d9517f83f1389fdfb40f90a3d73a2769530f7bd2e43,"{""b"":""Z"",""d"":9,""g"":""cx"",""p"":0.0003,""r"":27}"
  10000000,       527,         0,   590.8,internal_correlated,542d414a1af9b1ae69bfa042f9a13b75ff8695e655085be775334ac602b2542a,"{""b"":""Z"",""d"":9,""g"":""cx"",""p"":0.0002,""r"":27}"
   1059135,      1009,         0,    85.2,internal_correlated,b9202582990ffbae4ed977ba76aa19c1b8d5496c43be9014489d1fe42869fffd,"{""b"":""X"",""d"":9,""g"":""cx"",""p"":0.0005,""r"":27}"
     82181,      1001,         0,    15.1,internal_correlated,5f375915c021f98d75ae914b0565378df36ca39bb06df10c5a62b1820b69f5b8,"{""b"":""X"",""d"":9,""g"":""cx"",""p"":0.0008,""r"":27}"
    781677,      1051,         0,    65.9,internal_correlated,151f53e35f099caa96bf62ab941e9f91414c5139368fdadde0f6e6a43701215b,"{""b"":""Z"",""d"":9,""g"":""cx"",""p"":0.0005,""r"":27}"
    131451,      1009,         0,    20.2,internal_correlated,a9f68508bf2b7fc0377b8778aab3cfece2ad5ab830cbed732ec003f811312318,"{""b"":""Z"",""d"":9,""g"":""cx"",""p"":0.0008,""r"":27}"
     28941,      1004,         0,    9.08,internal_correlated,ba0ee547e5545d5d912dfec5243bd7e7f26969ed172aa782ebdd4e579b7b3de1,"{""b"":""X"",""d"":9,""g"":""cx"",""p"":0.001,""r"":27}"
     55797,      1003,         0,    19.4,internal_correlated,cf085e056ea82bde98768e821ff7d842e39a2835a1d1ed04352e96f40ebaec70,"{""b"":""Z"",""d"":9,""g"":""cx"",""p"":0.001,""r"":27}"
      2689,      1001,         0,    3.31,internal_correlated,b12a176a6df08e482454d3b4d10a2bce468aab1ae29934f1a90fb01c4783dbb5,"{""b"":""X"",""d"":9,""g"":""cx"",""p"":0.002,""r"":27}"
      1999,      1009,         0,    2.92,internal_correlated,f1470e88e9c302d480b67e91df6a58c6b4f7575402142c1291ac3e3a4e3e9827,"{""b"":""X"",""d"":9,""g"":""cx"",""p"":0.003,""r"":27}"
      2093,      1088,         0,    4.39,internal_correlated,12967e4f461da259a2e515e76627f7ee5b43b814eb4efb1659878b4a26888bdb,"{""b"":""X"",""d"":9,""g"":""cx"",""p"":0.005,""r"":27}"
      2563,      1130,         0,    3.98,internal_correlated,73e67964c91915131c132860c6bc411b967d8d918b7f2f203966c7e0e620cd21,"{""b"":""Z"",""d"":9,""g"":""cx"",""p"":0.003,""r"":27}"
      2053,      1035,         0,    6.80,internal_correlated,5151d1544fd1aa1ac37b3f3a7b158c3f768866e728e56af2d739009ddf14ba4c,"{""b"":""Z"",""d"":9,""g"":""cx"",""p"":0.008,""r"":27}"
      5228,      1008,         0,    6.46,internal_correlated,b46078b31de000dffaaea129bb1bfae7fcf5b36806066061b569059455350e76,"{""b"":""Z"",""d"":9,""g"":""cx"",""p"":0.002,""r"":27}"
      2078,      1046,         0,    4.60,internal_correlated,03b42724672dce0bb17b7a4d7f45a95a5afa6ba018d31eb6a63eeb5ff3a162d5,"{""b"":""Z"",""d"":9,""g"":""cx"",""p"":0.005,""r"":27}"
      1982,      1003,         0,    6.52,internal_correlated,808c3a701d81f2d4f16fda835dfda783d023b1efc8a3027491445f7c051260d7,"{""b"":""X"",""d"":9,""g"":""cx"",""p"":0.008,""r"":27}"
      2043,      1028,         0,    7.04,internal_correlated,b4ec8cda3cbc5315d09de0ecdfa25255bd52194055f818840f4759d52b6ef30f,"{""b"":""X"",""d"":9,""g"":""cx"",""p"":0.01,""r"":27}"
      2085,      1031,         0,    7.68,internal_correlated,51c8ec026c58ed6805f9de7deb790ac5fe973ff198a21f19313db440f531a39a,"{""b"":""Z"",""d"":9,""g"":""cx"",""p"":0.01,""r"":27}"
    257917,      1015,         0,   0.677,internal,db17208a4ee7cb012c2ea11c6a65f45227c53db0a2f3bf4b930af9c5f1f5f22f,"{""b"":""X"",""d"":3,""g"":""cx"",""p"":0.0003,""r"":9}"
     36291,      1021,         0,   0.559,internal,696d6874eb44c55f3876b1b0991ac90936024479434bb46516cdfb325167c912,"{""b"":""Z"",""d"":3,""g"":""cx"",""p"":0.001,""r"":9}"
     43160,      1003,         0,   0.848,internal,47e27286d4d46728a117430a6a85f8860410365fbbf895a16bf820a96da97a4f,"{""b"":""X"",""d"":3,""g"":""cx"",""p"":0.0008,""r"":9}"
     28194,      1010,         0,   0.841,internal,3f8fb1ab553dec9f683b7556af7c84ec4601ac82111ccc79adaf6d1129f4f651,"{""b"":""X"",""d"":3,""g"":""cx"",""p"":0.001,""r"":9}"
    149074,      1064,         0,   0.873,internal,fc7a1a255fff01f71919f46d6f5da9d4bc534eb32a208add9f8acafe689559e6,"{""b"":""Z"",""d"":3,""g"":""cx"",""p"":0.0005,""r"":9}"
   2367176,      1010,         0,    3.06,internal,8bd6c6f82e7efb682f35734344e7f920d0626d1d6991ffb90144b369d3354aba,"{""b"":""X"",""d"":3,""g"":""cx"",""p"":0.0001,""r"":9}"
    899191,      1077,         0,    1.73,internal,6bab0b2a705cd6ae597def63a1521a921de9d02a5edc1158c7cd1a37faeb02a4,"{""b"":""Z"",""d"":3,""g"":""cx"",""p"":0.0002,""r"":9}"
    104014,      1001,         0,    1.01,internal,28ef8573611648c2f044219e0500312e3d970de7a6011fe7135e2a0128d69b8c,"{""b"":""X"",""d"":3,""g"":""cx"",""p"":0.0005,""r"":9}"
      5383,      1096,         0,   0.621,internal,fcc1f9509e7d213028e5e85a4519846db59b1933978b76581f052370d6e38544,"{""b"":""X"",""d"":3,""g"":""cx"",""p"":0.003,""r"":9}"
    666614,      1088,         0,    1.16,internal,1d30c5adc7d5651d259957908ed4c99dbce88c6a1471e85e8bcfc18e3cefc8ae,"{""b"":""X"",""d"":3,""g"":""cx"",""p"":0.0002,""r"":9}"
    347624,      1003,         0,   0.799,internal,2180c193a3c93254f6c999f430eb5685bd3ec2b908ff2484e695be043cebd23e,"{""b"":""Z"",""d"":3,""g"":""cx"",""p"":0.0003,""r"":9}"
   3127041,      1034,         0,    3.86,internal,24a37c46a6b40dcbe723b6ea72e79d3ee336c5700d90a1f5cfeb9daa16daeb3e,"{""b"":""Z"",""d"":3,""g"":""cx"",""p"":0.0001,""r"":9}"
      2111,      1003,         0,   0.641,internal,9d4a562c0a96af5f88826e659b1ecf662bc7c439f0b4ffc0339511403bc9b37d,"{""b"":""X"",""d"":3,""g"":""cx"",""p"":0.008,""r"":9}"
     53325,      1008,         0,    1.29,internal,95b7753e8e31789b86cde2d9b610d7550fa283dfa372b3575441fd90f6517f04,"{""b"":""Z"",""d"":3,""g"":""cx"",""p"":0.0008,""r"":9}"
     10634,      1004,         0,   0.756,internal,1258574ce8775f68258a1a9fe572806045da693276363de7c6a4e0bad28af36c,"{""b"":""Z"",""d"":3,""g"":""cx"",""p"":0.002,""r"":9}"
      2736,      1021,         0,   0.629,internal,dfd2ef9dcc99fc1bb54d7ef91023f1b0e85957f8fa88ff8d09f67c9367ef8307,"{""b"":""X"",""d"":3,""g"":""cx"",""p"":0.005,""r"":9}"
      9262,      1040,         0,   0.615,internal,598eab72715eb1d94aaca8383a2608b765c37481b6cb647b0f93202cc917cc4b,"{""b"":""X"",""d"":3,""g"":""cx"",""p"":0.002,""r"":9}"
      2292,      1044,         0,   0.712,internal,c4b7e7ed527b1a42c0507a4c5771aa86619765524ae4f2a5ebb1db6be9e58e8b,"{""b"":""Z"",""d"":3,""g"":""cx"",""p"":0.01,""r"":9}"
      2050,      1019,         0,   0.814,internal,b492e6047f3408213d13f10c2647fcca9db472e74855d64962c9e788a884f3cb,"{""b"":""X"",""d"":3,""g"":""cx"",""p"":0.01,""r"":9}"
      5855,      1008,         0,   0.740,internal,20cc0f73ac2bb2472845719f2faab13cf393b7a93c8da68a3ced8eccabac6ae6,"{""b"":""Z"",""d"":3,""g"":""cx"",""p"":0.003,""r"":9}"
      3246,      1085,         0,   0.866,internal,6031c6d66727291840d9558a031afdbd9331d7e44465a176730dbab90d484e1a,"{""b"":""Z"",""d"":3,""g"":""cx"",""p"":0.005,""r"":9}"
      2274,      1039,         0,   0.745,internal,0f35baee8b49c2b94fc4c82a5c0addb9f922d27457912f51be55c946278e65d9,"{""b"":""Z"",""d"":3,""g"":""cx"",""p"":0.008,""r"":9}"
   1328677,      1018,         0,    5.77,internal,992f542897be11e2470f497d6215e04224f88830b07d20a95c5e5c123319482d,"{""b"":""Z"",""d"":5,""g"":""cx"",""p"":0.0001,""r"":15}"
  10000000,       550,         0,    28.7,internal,91c5ed30fd385366545714be4edf1f7a73ad353944a8278ea8aba6ee3d9aa07a,"{""b"":""X"",""d"":5,""g"":""cx"",""p"":0.0001,""r"":15}"
    746198,      1018,         0,    5.12,internal,459d86a15e6bb913c55535efee179eb4b9a60dafee03ac930b5dc711db2a3028,"{""b"":""X"",""d"":5,""g"":""cx"",""p"":0.0003,""r"":15}"
   2561360,      1036,         0,    10.0,internal,0c26066ab4e1e53ef1680d246d80724ec20aacca6bf1c0e79a7f404901be478d,"{""b"":""X"",""d"":5,""g"":""cx"",""p"":0.0002,""r"":15}"
    174329,      1005,         0,    2.82,internal,43325a46e7c936a609439dd300bfc7213d99fe1a87bc234247574dcadd13a51a,"{""b"":""X"",""d"":5,""g"":""cx"",""p"":0.0005,""r"":15}"
    149463,      1012,         0,    2.04,internal,1544e49e2749d9272812d79388ff56635e81b1bc8c7686615f87b0cb0f40ed02,"{""b"":""Z"",""d"":5,""g"":""cx"",""p"":0.0003,""r"":15}"
    326425,      1011,         0,    2.71,internal,ecf05bded74a9307e712d5bc4bcf3c0f88420b1231fd0d00603966a2957fb1cd,"{""b"":""Z"",""d"":5,""g"":""cx"",""p"":0.0002,""r"":15}"
   2651775,      1001,         0,   497.1,internal,7f2590ec7e100c9e622da762ecb5d60eac39e7633ea213ed5a0d2b8bb47aa208,"{""b"":""Z"",""d"":11,""g"":""cx"",""p"":0.0003,""r"":33}"
      2203,      1032,         0,    5.76,internal,b9c406c2728f5c234c0d0b66ed8e3a08cfe5b157e92b8003944aa651fbd380e7,"{""b"":""X"",""d"":11,""g"":""cx"",""p"":0.002,""r"":33}"
      9949,      1000,         0,    7.53,internal,f45d8546f96d0ab3d2130e3b5a1d873f0cafce3f71855086120631066a0830e0,"{""b"":""X"",""d"":11,""g"":""cx"",""p"":0.001,""r"":33}"
  10000000,       159,         0,  2637.4,internal,16c64c51e46f716380bf7bf5ddadb70e8befdcc4ae113a5e4171957289b560b0,"{""b"":""X"",""d"":11,""g"":""cx"",""p"":0.0002,""r"":33}"
     32535,      1072,         0,    10.7,internal,4a728121b9f9a481dd83c046bc7c7509b46f646017c198290fda009c06ac89f7,"{""b"":""X"",""d"":11,""g"":""cx"",""p"":0.0008,""r"":33}"
    102197,      1090,         0,    19.9,internal,4844356ae332735b46fe87978999c1a00fe137230277547e8212b4ffb3f1e9c0,"{""b"":""Z"",""d"":11,""g"":""cx"",""p"":0.0008,""r"":33}"
   7306565,      1104,         0,  1842.1,internal,12a28fa3267499fe8769b57f02f50bb64f73b2978591ba52ec0d6cee19f6eb66,"{""b"":""X"",""d"":11,""g"":""cx"",""p"":0.0003,""r"":33}"
    320237,      1005,         0,    43.9,internal,4cbc931415b27e0ed152082314aadeea13d023b9ba0e5d14b5d3a2613f559f46,"{""b"":""X"",""d"":11,""g"":""cx"",""p"":0.0005,""r"":33}"
   9326283,      1026,         0,  2487.1,internal,76f7b4743ca62ea887d5be2d44dec536fbb04fb8ccafa4fa149bc790ba694f8f,"{""b"":""Z"",""d"":11,""g"":""cx"",""p"":0.0002,""r"":33}"
  10000000,       143,         0,  2686.1,internal,d0243d7faf519ed54ed3ac9f12edd3fb2adde1ac700b87d86e482e5d71b4ec2c,"{""b"":""Z"",""d"":11,""g"":""cx"",""p"":0.0001,""r"":33}"
      1989,      1011,         0,    5.92,internal,3149f68b45a4ef06effdcc8dff0d2108153d990356c1173877f81c6a51d59ff9,"{""b"":""X"",""d"":11,""g"":""cx"",""p"":0.008,""r"":33}"
     41333,      1003,         0,    13.4,internal,2b61a3fd624d46d5565db47212956954f236a2998805f12e6c75613f7eb7e7ba,"{""b"":""Z"",""d"":11,""g"":""cx"",""p"":0.001,""r"":33}"
      2085,      1046,         0,    6.43,internal,9dc9e01e954a111ffb38a6041ea05fb0848b28a0510afff00c50115f8a343d5f,"{""b"":""Z"",""d"":11,""g"":""cx"",""p"":0.01,""r"":33}"
  10000000,         1,         0,  2562.0,internal,94567db06cfc6c005303f5a3ebd2661b6d3ed8b8648ad9ef7b275b33d4f32db7,"{""b"":""X"",""d"":11,""g"":""cx"",""p"":0.0001,""r"":33}"
      2056,      1007,         0,    7.62,internal,71ca286e9f2746da418611d426dd0ba49a5dd74f8d327268599429342fe5973d,"{""b"":""X"",""d"":11,""g"":""cx"",""p"":0.01,""r"":33}"
      2266,      1020,         0,    4.54,internal,3cd401193a5039c30205deffd450cb84f88584da578c5fbab5c4070d89a736ac,"{""b"":""Z"",""d"":11,""g"":""cx"",""p"":0.003,""r"":33}"
      2051,      1009,         0,    4.98,internal,7198c327d0c1ba8490c6dd9bf0d43d9e5874250fe88c19bbeb8e13fcb9c3cb1a,"{""b"":""X"",""d"":11,""g"":""cx"",""p"":0.003,""r"":33}"
      1986,      1002,         0,    7.60,internal,0d43b6ac53cec619c53da7836d4ec3730cdf0717699d05c0844705cfb77893be,"{""b"":""X"",""d"":11,""g"":""cx"",""p"":0.005,""r"":33}"
      2002,      1007,         0,    5.85,internal,51cb0b8aa174551862b65c4cb53d967656d73ec20ab95de33d469f7711c6e074,"{""b"":""Z"",""d"":11,""g"":""cx"",""p"":0.008,""r"":33}"
  10000000,        25,         0,  4629.7,internal,7a22b2db6bada3e2dba7c4df5f03908de6943b1cf0bbd06f1465cc2e78b943e7,"{""b"":""Z"",""d"":13,""g"":""cx"",""p"":0.0001,""r"":39}"
  10000000,        69,         0,  5162.2,internal,8cf09245c58ef9626d15eefddb70f762335d43b82cbb08ceb5484a718be88933,"{""b"":""X"",""d"":13,""g"":""cx"",""p"":0.0002,""r"":39}"
      5147,      1061,         0,    6.52,internal,edad3b451f4fe979fe1271616d69349392befb4736eb93b9063ce40b0884b668,"{""b"":""Z"",""d"":11,""g"":""cx"",""p"":0.002,""r"":33}"
      5738,      1014,         0,    37.8,internal,5aca82a183532ff07da70dabe983b44d9e8b1bdae68e246af7eaa2bd0cce6462,"{""b"":""Z"",""d"":13,""g"":""cx"",""p"":0.002,""r"":39}"
      2011,      1017,         0,    52.8,internal,cb4b21736c6db5ef3d3384e9de957c0a12c1cfdf2e0a1bb6d9359c582dc582df,"{""b"":""Z"",""d"":13,""g"":""cx"",""p"":0.008,""r"":39}"
     90327,      1011,         0,   112.2,internal,e0329eb55025377f1d1507f5c4cdd233d7e5eb72f6aedf0c3823a01376ed606c,"{""b"":""Z"",""d"":13,""g"":""cx"",""p"":0.001,""r"":39}"
    330394,      1069,         0,   165.8,internal,99d7906aa55318ece1bc29ae4bcd22e7542cf8760f1c0768e7a0814e2d94d825,"{""b"":""X"",""d"":13,""g"":""cx"",""p"":0.0005,""r"":39}"
    501399,      1044,         0,    80.8,internal,db01ce676856fdacfb7a51d7e5f0d3c06727be567811c3f6b99338f2f464055f,"{""b"":""Z"",""d"":11,""g"":""cx"",""p"":0.0005,""r"":33}"
      2054,      1003,         0,    37.7,internal,90d2d86d333d9e93fc2e2e91d1b590423955bb90c900ca0ebe5465dff1f85922,"{""b"":""X"",""d"":13,""g"":""cx"",""p"":0.005,""r"":39}"
      2063,      1009,         0,    7.88,internal,e8abc769be6d1c88b9a928879bea52222e14a7e76a5601f9363cf6ab8b7bdb78,"{""b"":""X"",""d"":13,""g"":""cx"",""p"":0.002,""r"":39}"
     18838,      1042,         0,    20.1,internal,a3e1c0469658db765966bcd1851cb5dafa625be930275857388c754fd3707291,"{""b"":""X"",""d"":13,""g"":""cx"",""p"":0.0008,""r"":39}"
   9714292,      1076,         0,  6252.8,internal,1999eaec184d78cb46132b0adb99f29ca66a0f591acb979850c58896c1a122fa,"{""b"":""X"",""d"":13,""g"":""cx"",""p"":0.0003,""r"":39}"
      1969,      1004,         0,    30.4,internal,711a5471361b0bb8ad088080825152af316d9e52bd6a7d2474e4d31ffb32b75c,"{""b"":""X"",""d"":13,""g"":""cx"",""p"":0.003,""r"":39}"
      2165,      1066,         0,    5.45,internal,491656b3eb3f7908fa7c36986d223021bc0b2f238d4a0905cc240eb965e99911,"{""b"":""Z"",""d"":11,""g"":""cx"",""p"":0.005,""r"":33}"
    226859,      1028,         0,   178.5,internal,073d77551ec29bebd2b74c2c2af3a1bf63c46a48a3339d51470e3b8a4df1914c,"{""b"":""Z"",""d"":13,""g"":""cx"",""p"":0.0008,""r"":39}"
   1493122,      1006,         0,   824.6,internal,ebbecf4ed1f7a805c6c9dcf7cfe7c452c9b1e336730b2e3d2d0b40959c0894b8,"{""b"":""Z"",""d"":13,""g"":""cx"",""p"":0.0005,""r"":39}"
      6403,      1013,         0,    10.3,internal,56edff3542982c43633516130d4fb4e7d1f79fcd47ed909a8b3359db4a8d07d1,"{""b"":""X"",""d"":13,""g"":""cx"",""p"":0.001,""r"":39}"
  10000000,       972,         0,  6520.3,internal,cc30ddd8dd88947835007686d5fe082af3d63a22aa693bd1a9068361177542bb,"{""b"":""Z"",""d"":13,""g"":""cx"",""p"":0.0003,""r"":39}"
      1955,      1003,         0,    63.2,internal,98a7769b3f4079d23115eac8475a1e9dd01be48701c8aecb7782a8b05e3d4c27,"{""b"":""Z"",""d"":13,""g"":""cx"",""p"":0.005,""r"":39}"
  10000000,       214,         0,  6030.3,internal,e3a6000a1b9c15088ef668fcf4235448415218653e82c9cd70bfa01b5a7dc215,"{""b"":""Z"",""d"":13,""g"":""cx"",""p"":0.0002,""r"":39}"
      2067,      1046,         0,    60.6,internal,4cb39af5138d6967f3e452b2a4c94b4475aa668db8bce4c6795978b93c07889e,"{""b"":""Z"",""d"":13,""g"":""cx"",""p"":0.01,""r"":39}"
      2278,      1003,         0,    41.3,internal,e61f7dbeac7a0bba9613e7c6897953c912e01262cef56148220a0e28c891adfe,"{""b"":""Z"",""d"":13,""g"":""cx"",""p"":0.003,""r"":39}"
      2091,      1049,         0,    28.1,internal,74f892e29dda9b4d3574d895e4e167c99a082fabbc3fab62b61a3734c16710fa,"{""b"":""X"",""d"":13,""g"":""cx"",""p"":0.008,""r"":39}"
      2008,      1007,         0,    70.3,internal,f08941052e6c7ecd2e546a74be53f16f3e893f841505ade4a80ec45b6936cb67,"{""b"":""X"",""d"":13,""g"":""cx"",""p"":0.01,""r"":39}"
  10000000,         4,         0, 12612.7,internal,3796ecfd5490771c656605438aafa0aa19fdc23cd4ed8e9bd250298b3034d44a,"{""b"":""Z"",""d"":15,""g"":""cx"",""p"":0.0001,""r"":45}"
  10000000,        37,         0, 12270.1,internal,5dac02f4f90abded723ba61809196b3d52f93f5089ad3c3176bdf42b30f99b8d,"{""b"":""X"",""d"":15,""g"":""cx"",""p"":0.0002,""r"":45}"
  10000000,        30,         0, 12011.4,internal,b81aaab0ea10293a70952755c7b4020c31cccf4ea3a8d6d446111e69232fe6c3,"{""b"":""Z"",""d"":15,""g"":""cx"",""p"":0.0002,""r"":45}"
    226858,      1009,         0,   475.8,internal,20dffd46fbd25825f6b7193daa6933ed5e9de8efcb21278de31b6cd986c54fe8,"{""b"":""X"",""d"":15,""g"":""cx"",""p"":0.0005,""r"":45}"
   5752705,      1039,         0,  7325.2,internal,1942d6fa1155ddf4210a0d41f57c6a1c987da718868a77eceb2e8ba88dcd0a96,"{""b"":""Z"",""d"":15,""g"":""cx"",""p"":0.0005,""r"":45}"
  10000000,         0,         0, 12532.0,internal,de0acef96b79fd386352383678e9c73b90125483460875c57cda223173c0f6bc,"{""b"":""X"",""d"":15,""g"":""cx"",""p"":0.0001,""r"":45}"
  10000000,       899,         0, 12489.3,internal,b52227b45442b405ade94fab36876d44dbfea5af42ec806ecbec063e24c9a2fd,"{""b"":""X"",""d"":15,""g"":""cx"",""p"":0.0003,""r"":45}"
  10000000,       176,         0, 12175.8,internal,a8bb64ec17fa5ab0ed01731f90ee2441f12a04c158101fa136a584e407f3eb4e,"{""b"":""Z"",""d"":15,""g"":""cx"",""p"":0.0003,""r"":45}"
     11920,      1042,         0,   127.7,internal,7ae8d6fc186b8bd4e3a5ee3757ff240d61f06c94bb99afd02bc61ad3ef354c9a,"{""b"":""X"",""d"":15,""g"":""cx"",""p"":0.0008,""r"":45}"
    565747,      1021,         0,  1136.2,internal,087eb514b64f022001ad54ca6fd39724bbf83c200b586bf79bdf4b72cf1d2620,"{""b"":""Z"",""d"":15,""g"":""cx"",""p"":0.0008,""r"":45}"
      4539,      1007,         0,    73.7,internal,f2e84633e5d485caa3effba1899cfe91fff9ecd8aa9656cd07b85777087172c4,"{""b"":""X"",""d"":15,""g"":""cx"",""p"":0.001,""r"":45}"
    184810,      1045,         0,   386.7,internal,052297b47d21a0dec3f20f092ff0eadb37930e101895a79a52d82455a74ed723,"{""b"":""Z"",""d"":15,""g"":""cx"",""p"":0.001,""r"":45}"
      2057,      1001,         0,    66.0,internal,ab2b451045ab3f3196909d193faf8501a2c577d199f8486bc7b52b07e67f0e84,"{""b"":""X"",""d"":15,""g"":""cx"",""p"":0.002,""r"":45}"
      6478,      1004,         0,    88.2,internal,4ff36592f8c221b21121b15b3a1e9cfa331ca02ab96fe03251684ec19fc5a4e0,"{""b"":""Z"",""d"":15,""g"":""cx"",""p"":0.002,""r"":45}"
  10000000,         1,         0,  4648.2,internal,2adacbf5e9887e4e26b1227dcaa2b7c1392455d53a2aad4a3f3f02d7ec7773ae,"{""b"":""X"",""d"":13,""g"":""cx"",""p"":0.0001,""r"":39}"
      2234,      1011,         0,    31.9,internal,0a5e88fbb1487ee5bb16479cc067479606733eec0ccd40ec8943fee8de03d6ee,"{""b"":""Z"",""d"":15,""g"":""cx"",""p"":0.003,""r"":45}"
      2002,      1022,         0,    29.4,internal,a956d676548094fcdfc8d7ee6f3e610135e8ea6bba9bd3064ca2d34d7af6a8e8,"{""b"":""X"",""d"":15,""g"":""cx"",""p"":0.003,""r"":45}"
      1968,      1002,         0,    32.8,internal,d4c3ecfcb11dbabb096cc0b986ec639bb1610d048d02fc57ca87f6e6d8534e48,"{""b"":""X"",""d"":15,""g"":""cx"",""p"":0.005,""r"":45}"
      2026,      1003,         0,    30.2,internal,72ccd775e8c6abe49d379f3ecbacd268ed30e2b510aa7765c4364c90b587dec7,"{""b"":""X"",""d"":15,""g"":""cx"",""p"":0.008,""r"":45}"
      2067,      1049,         0,    27.1,internal,0f770b00345adff48857f28a43ffc71a43728c3f31a8a22cef4f8b2b83e5b53a,"{""b"":""Z"",""d"":15,""g"":""cx"",""p"":0.005,""r"":45}"
      1996,      1002,         0,    30.8,internal,b6c81d357c83e59c50449f357e26505ff2bde1533611838e39ea30ca2fee1de3,"{""b"":""Z"",""d"":15,""g"":""cx"",""p"":0.008,""r"":45}"
      2000,      1002,         0,    26.6,internal,58cebb0c2c6e59d9ec1c125480f646039c932fcf7d1b4057793776f66a555fed,"{""b"":""X"",""d"":15,""g"":""cx"",""p"":0.01,""r"":45}"
      2055,      1026,         0,    27.9,internal,2b5cec199f84c016b6f316d58ed5e3690777d945344924bdb8e74c026b39f1eb,"{""b"":""Z"",""d"":15,""g"":""cx"",""p"":0.01,""r"":45}"
     54012,      1007,         0,    1.08,internal,5337c3b16cf69cb1e96481bdee42cb055e7adf8e24685f92012911239b778f5c,"{""b"":""Z"",""d"":5,""g"":""cx"",""p"":0.0005,""r"":15}"
     22291,      1013,         0,   0.924,internal,89aa643a0da7c319be784af2ac4b27539290bf7bd5e7c7fedea93c24d1b957ff,"{""b"":""Z"",""d"":5,""g"":""cx"",""p"":0.0008,""r"":15}"
     49352,      1057,         0,    1.22,internal,3afff87450cd82daa34ce1058798d305adb9967109115ff15e2624fcc57fdfe8,"{""b"":""X"",""d"":5,""g"":""cx"",""p"":0.0008,""r"":15}"
     14006,      1000,         0,   0.559,internal,d4c3515a60ed8f488702ccedf3b0a0fac51845d0a8883cb9ed512f60278e8fb4,"{""b"":""Z"",""d"":5,""g"":""cx"",""p"":0.001,""r"":15}"
     28271,      1053,         0,   0.990,internal,569a897f6e00127998ecd3b4fa47c329291eabbce291d4577730fb742ae2738b,"{""b"":""X"",""d"":5,""g"":""cx"",""p"":0.001,""r"":15}"
      5297,      1036,         0,   0.727,internal,c0c78752e430d83387ba83de9f5b4574f896a3f546d514e92cc9f958a8c8ec18,"{""b"":""X"",""d"":5,""g"":""cx"",""p"":0.002,""r"":15}"
      4751,      1006,         0,   0.550,internal,bd914922b80283d296369376e6ab38f842b27ecded207f7b660c735464c74133,"{""b"":""Z"",""d"":5,""g"":""cx"",""p"":0.002,""r"":15}"
      2852,      1006,         0,   0.376,internal,9f0c6fc7cd00c9e3d8a471f04c9d890abec9f1c891fa9a2fae6f8fc709033d86,"{""b"":""X"",""d"":5,""g"":""cx"",""p"":0.003,""r"":15}"
      2803,      1001,         0,    1.07,internal,8170f111d64de94a11e7f44dc54c215b40de3932e65153566d3b4d3966eb0be7,"{""b"":""Z"",""d"":5,""g"":""cx"",""p"":0.003,""r"":15}"
      2152,      1012,         0,   0.932,internal,8b5bc5435fdc834893352dc10ce41077926f17dcb6af7e0a9b3243ea206a5967,"{""b"":""X"",""d"":5,""g"":""cx"",""p"":0.005,""r"":15}"
      2085,      1040,         0,   0.665,internal,6d9cc4a0191f2f43aeb2558a3a4c367e24634c1ea0ca90a40577400f48a29bae,"{""b"":""Z"",""d"":5,""g"":""cx"",""p"":0.005,""r"":15}"
      2007,      1007,         0,   0.706,internal,9edadbb5fc28b28cb1b70594080ef48d1f2563a386e2f226f116bdc1e1f12a75,"{""b"":""X"",""d"":5,""g"":""cx"",""p"":0.008,""r"":15}"
      1915,      1005,         0,   0.635,internal,3416a99fa704038cf15eba75aa8dbc436dc33aba9ce64547f5da19b105bd3199,"{""b"":""Z"",""d"":5,""g"":""cx"",""p"":0.01,""r"":15}"
      2018,      1002,         0,   0.710,internal,a96fdf5556fc9dc5fa2ef11b50e4cacf37a55d8ee747538f571cec2c30e50729,"{""b"":""Z"",""d"":5,""g"":""cx"",""p"":0.008,""r"":15}"
      2139,      1046,         0,   0.770,internal,3cf6d23d3ebe005ad0b6e912360b123296b1687ac0cdf9b241a7aea365237303,"{""b"":""X"",""d"":5,""g"":""cx"",""p"":0.01,""r"":15}"
  10000000,        62,         0,    95.6,internal,72162f796f6e3ba71e345f1417ab72503b7a6fa381c8794e5b762c9bab44bf44,"{""b"":""X"",""d"":7,""g"":""cx"",""p"":0.0001,""r"":21}"
   9331200,      1078,         0,   141.6,internal,e88c82dafad360efb74c32401b0c960b29e17b66a4cd9b42ee290dcf668af919,"{""b"":""X"",""d"":7,""g"":""cx"",""p"":0.0002,""r"":21}"
    190377,      1037,         0,    4.37,internal,2066678174873d7694cb9244aa3156068752eb6148dd2ed5b0a2b8c9d7141b16,"{""b"":""Z"",""d"":7,""g"":""cx"",""p"":0.0003,""r"":21}"
   1703440,      1008,         0,    18.4,internal,8eb54dfa22c8bb7e1991ca5efda82b6258fcd090f7f783278e52fa6676a3f662,"{""b"":""Z"",""d"":7,""g"":""cx"",""p"":0.0001,""r"":21}"
    260544,      1002,         0,    5.99,internal,2f05ae64b108781fae4a1429ff190942b7282c963ef024024e451ad41188a7aa,"{""b"":""X"",""d"":7,""g"":""cx"",""p"":0.0005,""r"":21}"
     66101,      1104,         0,    2.45,internal,8c2ec4728d863e9da8205659a1daa362aa751568192e0207448ddb84e36913e7,"{""b"":""Z"",""d"":7,""g"":""cx"",""p"":0.0005,""r"":21}"
    441563,      1070,         0,    7.02,internal,b623ab47b9e0b4c552404a545f643bd660015c6be5a6700e10661b7f1c95339e,"{""b"":""Z"",""d"":7,""g"":""cx"",""p"":0.0002,""r"":21}"
     49215,      1007,         0,    4.09,internal,43f21aa6101c55a271bf97ebb9826f99b35fe639c27be373b6650698b2ef211a,"{""b"":""X"",""d"":7,""g"":""cx"",""p"":0.0008,""r"":21}"
     25253,      1113,         0,    2.05,internal,609169e0344259a170fa8cbbfd87423025323d03ad371e538cfac02e9db21ca8,"{""b"":""Z"",""d"":7,""g"":""cx"",""p"":0.0008,""r"":21}"
   1935319,      1027,         0,    26.2,internal,d3475e7d731d07cec86c0c789ad79374a0c691a5a99d4262ca55c878efeeec4b,"{""b"":""X"",""d"":7,""g"":""cx"",""p"":0.0003,""r"":21}"
     23982,      1004,         0,    1.93,internal,995211bb5aa79dd702c2a870275d67e1833a55c389d8f0cc49ca136c1719d63d,"{""b"":""X"",""d"":7,""g"":""cx"",""p"":0.001,""r"":21}"
     14639,      1018,         0,    2.05,internal,3016e6d0fe79cc78f2d0b80d6a186e29e153ca79f5f43a89bee5eb284669417f,"{""b"":""Z"",""d"":7,""g"":""cx"",""p"":0.001,""r"":21}"
      3466,      1005,         0,    1.63,internal,df7146067b88b11556ec7aea4747392f8beb60fd29fae771509ba74f1808b41f,"{""b"":""X"",""d"":7,""g"":""cx"",""p"":0.002,""r"":21}"
      2504,      1031,         0,    1.50,internal,43e6c0e6d83c6c1e5e0d4bc36d572eac4f8c41e7a3493efdfbe74e0e1ff4a406,"{""b"":""Z"",""d"":7,""g"":""cx"",""p"":0.003,""r"":21}"
      4311,      1004,         0,    1.92,internal,e1f616b06af54d835fbf49af1fe452f414934f14565d1f595f1db0da4c326482,"{""b"":""Z"",""d"":7,""g"":""cx"",""p"":0.002,""r"":21}"
      2243,      1040,         0,    1.41,internal,73d2d41e8668a1ef20d87590112594088115a364487487ead1d6221697c8a9e2,"{""b"":""X"",""d"":7,""g"":""cx"",""p"":0.003,""r"":21}"
      1972,      1001,         0,    1.43,internal,ee702f3c4c3ab9214990f745202e41b693f6e757f6023e787d028e13e8e52cb1,"{""b"":""X"",""d"":7,""g"":""cx"",""p"":0.005,""r"":21}"
      2145,      1058,         0,    1.44,internal,608669c4a93e8bfa31fb8a556c961532600f948b623fe1aa76150a72ba53c6f1,"{""b"":""Z"",""d"":7,""g"":""cx"",""p"":0.005,""r"":21}"
      2115,      1047,         0,    1.49,internal,bb2b9d7a094c805b6a8ccd0b9669032cb8ebc63b6b3de4a6defaee931597c366,"{""b"":""X"",""d"":7,""g"":""cx"",""p"":0.008,""r"":21}"
      2145,      1047,         0,    1.11,internal,ce75a6ff138763ac7dbe82f0bf502a243b1d5b52f2dfafb47ee509d5dea05c14,"{""b"":""Z"",""d"":7,""g"":""cx"",""p"":0.008,""r"":21}"
      2055,      1018,         0,    1.43,internal,d64f98c7e951d727e692f32647fbf2d9ed0f5c3958a9623ddac96bf1432e447e,"{""b"":""X"",""d"":7,""g"":""cx"",""p"":0.01,""r"":21}"
      2064,      1004,         0,    3.26,internal,2dcf2ff5e9c033faf22f999239d5e3065829a16ee37200377e425d96b5cfff17,"{""b"":""Z"",""d"":7,""g"":""cx"",""p"":0.01,""r"":21}"
  10000000,        11,         0,   428.1,internal,28314989a3de51d885ae2db876434c27caafd67683bb438140a6e23dcc3479f5,"{""b"":""X"",""d"":9,""g"":""cx"",""p"":0.0001,""r"":27}"
   4254467,      1001,         0,   252.6,internal,6fe4cd08a82da854fe5eae04a3565a56b74b5ae18d979cafa0f2ed32a0ffdce4,"{""b"":""Z"",""d"":9,""g"":""cx"",""p"":0.0001,""r"":27}"
  10000000,       351,         0,   502.4,internal,1d7141c8da9ae7d3dc2750f5385a09cad5505704c109c478ec0534cbc3c362d1,"{""b"":""X"",""d"":9,""g"":""cx"",""p"":0.0002,""r"":27}"
   1046613,      1057,         0,    57.1,internal,855f648ccf8438c389c77f97d5fd4767874e455a8e5229561a96aa1512f6bcc4,"{""b"":""Z"",""d"":9,""g"":""cx"",""p"":0.0002,""r"":27}"
   3804555,      1036,         0,   256.7,internal,756615bb37e4d0a95606d12200b56f55b8c44c93f6f8186cc8c8408565482d8f,"{""b"":""X"",""d"":9,""g"":""cx"",""p"":0.0003,""r"":27}"
    435191,      1090,         0,    30.9,internal,c5a7b6d244cb1b301bb5374eabcc38bb20f000d290ec637d511a6a20ac1964d6,"{""b"":""Z"",""d"":9,""g"":""cx"",""p"":0.0003,""r"":27}"
    314745,      1034,         0,    24.9,internal,a4d1512c4f60198b69fa75fa5a859820903d58cd7e11e63ed2827c60547bfb26,"{""b"":""X"",""d"":9,""g"":""cx"",""p"":0.0005,""r"":27}"
     38545,      1006,         0,    9.55,internal,0b1e53fc0be35ffe6ca53e7ff728f41a91d5437fa27a598d0471e00b6f93afa9,"{""b"":""X"",""d"":9,""g"":""cx"",""p"":0.0008,""r"":27}"
    134807,      1094,         0,    13.0,internal,23c53539932645819e4d6077ad1a4e1552452d74b62f5885e3778ebcbbec3ab5,"{""b"":""Z"",""d"":9,""g"":""cx"",""p"":0.0005,""r"":27}"
     40985,      1042,         0,    9.88,internal,7789496bbe646f00c8cee34582d2904543dc5b03f7367a53aa08a904fed8eaae,"{""b"":""Z"",""d"":9,""g"":""cx"",""p"":0.0008,""r"":27}"
     16400,      1042,         0,    6.18,internal,a3bf95647b5842a58e6989958cb4f98e9c01cdc2c9e720e87fdfdb88e19db6ab,"{""b"":""X"",""d"":9,""g"":""cx"",""p"":0.001,""r"":27}"
     21688,      1034,         0,    6.48,internal,ad246d90c848f3d312afad7113d8beaf7729b0319eec2d07c9a2d8c237c8c6ff,"{""b"":""Z"",""d"":9,""g"":""cx"",""p"":0.001,""r"":27}"
      2620,      1051,         0,    3.65,internal,693f52b4d248f87df8673dc3733da27f3effa5310e1c1f6fb6ed472064ad6c80,"{""b"":""X"",""d"":9,""g"":""cx"",""p"":0.002,""r"":27}"
      4224,      1033,         0,    4.74,internal,1fd63694084d81a37ae82371c6a52e555e8d4aae0597c863134a9630023b39ac,"{""b"":""Z"",""d"":9,""g"":""cx"",""p"":0.002,""r"":27}"
      2074,      1001,         0,    3.97,internal,5a77cf9ac9db3416683d2c7109d08c35bf8104dd5cbd5278d9f226308fa03202,"{""b"":""X"",""d"":9,""g"":""cx"",""p"":0.003,""r"":27}"
      2257,      1011,         0,    3.51,internal,064e32766bfdf9ee6504ee6a7d7ca167b703d1f370c920477c55a2f9087ef03e,"{""b"":""Z"",""d"":9,""g"":""cx"",""p"":0.003,""r"":27}"
      1955,      1010,         0,    2.85,internal,0bb3191cb035b5e29b7b6f24f7f5f9dd56a98f3cecc5c2a0734d57ee8206223c,"{""b"":""X"",""d"":9,""g"":""cx"",""p"":0.005,""r"":27}"
      2197,      1095,         0,    4.57,internal,70459be7d6fbe389fcf2e2180d2da3c9afd3bfc0bfd9911dcf73b9b2c2463e17,"{""b"":""X"",""d"":9,""g"":""cx"",""p"":0.008,""r"":27}"
      2084,      1039,         0,    4.47,internal,413d6243224ba84392a05cd246c1669846fc9575ea35e6833a959a60f7261256,"{""b"":""Z"",""d"":9,""g"":""cx"",""p"":0.005,""r"":27}"
      2026,      1018,         0,    6.18,internal,ab5b236ff9810357f05e72bb75cb3f22c49ccbb7a21ea8d6b26f26977f5acc9b,"{""b"":""Z"",""d"":9,""g"":""cx"",""p"":0.008,""r"":27}"
      2151,      1041,         0,    6.27,internal,fe3eabf1aff3f81073ea503d54951a5075d90848659a82d51cb6f36829bcb893,"{""b"":""X"",""d"":9,""g"":""cx"",""p"":0.01,""r"":27}"
      1939,      1003,         0,    7.01,internal,c986a60dc1103bcbc764f9a0c8f82878b32e4029c078ef77759573dce5b5aba4,"{""b"":""Z"",""d"":9,""g"":""cx"",""p"":0.01,""r"":27}"
